beta_type,dist,n,p,rho,target_censoring,lambda_choice,mean_lambda,median_lambda,sd_lambda
allones,exponential,100.000,10,0,0,min,0.00495009545692372,0.00498505498031354,1.149595644546e-4
allones,exponential,100.000,20,0,0,min,0.00277442605543102,0.00277432798734387,2.85315364942689e-5
allones,exponential,100.000,50,0,0,min,0.00114060463258193,0.0011406631593610301,1.81250047459794e-5
allones,exponential,100.000,10,0,0.1,min,0.00473812336185294,0.00474044773058418,4.66671031037356e-5
allones,exponential,100.000,20,0,0.1,min,0.00264571614643443,0.00264318203369277,1.96226524410157e-5
allones,exponential,100.000,50,0,0.1,min,0.00118242420415255,0.00120474217026294,4.95119169050969e-5
allones,exponential,100.000,10,0,0.3,min,0.00407930594424097,0.00407933279005344,4.4202918576642e-5
allones,exponential,100.000,20,0,0.3,min,0.00229482613570443,0.00229440087419943,2.1098648629205e-5
allones,exponential,100.000,50,0,0.3,min,9.8840846767109e-4,9.6433217018106e-4,4.44083908103178e-5
allones,exponential,100.000,10,0.3,0,min,0.0053731164066299,0.00537496363270235,2.4829128255253e-5
allones,exponential,100.000,20,0.3,0,min,0.00285523211708184,0.00289828796996155,9.54451691213789e-5
allones,exponential,100.000,50,0.3,0,min,0.00113072169982075,0.00114211737528354,3.23717684798636e-5
allones,exponential,100.000,10,0.3,0.1,min,0.00511505759212065,0.0051158777653337,2.60008812100654e-5
allones,exponential,100.000,20,0.3,0.1,min,0.00278572108800768,0.00278549318757572,1.30721981656317e-5
allones,exponential,100.000,50,0.3,0.1,min,0.00111245606203104,0.00112720567202745,3.6374908993359e-5
allones,exponential,100.000,10,0.3,0.3,min,0.00442963001255408,0.0044303655908853,2.389176499396e-5
allones,exponential,100.000,20,0.3,0.3,min,0.00241750265544178,0.0024171031542424,1.38089969853896e-5
allones,exponential,100.000,50,0.3,0.3,min,9.0467932675519e-4,8.9863428089463e-4,2.32803139037626e-5
allones,gompertz,100.000,10,0,0,min,0.00496323285058747,0.00497506285972562,7.87101212371197e-5
allones,gompertz,100.000,20,0,0,min,0.00277740225692709,0.00277722325743714,2.14382478850586e-5
allones,gompertz,100.000,10,0,0.1,min,0.00471450760907228,0.00471463612209171,4.45548994966529e-5
allones,gompertz,100.000,20,0,0.1,min,0.00263703536328801,0.00263568711139399,2.31111382817718e-5
allones,gompertz,100.000,10,0,0.3,min,0.00407403190011664,0.00407214598878985,2.27985287212223e-5
allones,gompertz,100.000,20,0,0.3,min,0.00228497473409496,0.00228529286740161,2.10459730444572e-5
allones,gompertz,100.000,10,0.3,0,min,0.00537402221768838,0.0053747895683586,2.57576241221306e-5
allones,gompertz,100.000,20,0.3,0,min,0.0027313213435802,0.00266982904829822,1.0830231179944e-4
allones,gompertz,100.000,10,0.3,0.1,min,0.0050889236321883,0.00509315332496122,2.62237060483757e-5
allones,gompertz,100.000,20,0.3,0.1,min,0.00276404545206983,0.00276266448006726,1.49225717058503e-5
allones,gompertz,100.000,10,0.3,0.3,min,0.00441689250914016,0.00441479593264933,2.23451933663028e-5
allones,lognormal,100.000,10,0,0,min,0.00552029323525972,0.00555349359126846,1.3047287414482e-4
allones,lognormal,100.000,20,0,0,min,0.00307620422851706,0.00307905651573868,2.93726757462647e-5
allones,lognormal,100.000,50,0,0,min,0.00128059868874841,0.00126011919559259,4.73926037118128e-5
allones,lognormal,100.000,10,0,0.1,min,0.00504624962851763,0.00488386511309979,2.3635519394875e-4
allones,lognormal,100.000,20,0,0.1,min,0.00293408497123354,0.00293337500747656,2.8264061235837e-5
allones,lognormal,100.000,50,0,0.1,min,0.00129193999452279,0.00132352335279114,5.35251627772962e-5
allones,lognormal,100.000,10,0,0.3,min,0.00417982471428672,0.0041754181375437,4.36414478194324e-5
allones,lognormal,100.000,20,0,0.3,min,0.00242742540749683,0.00235961759152646,1.0250291951889e-4
allones,lognormal,100.000,50,0,0.3,min,0.00105874167787044,0.00105774820919318,2.6056461433324e-5
allones,lognormal,100.000,10,0.3,0,min,0.00596524994935026,0.00596900981179182,2.94986367300898e-5
allones,lognormal,100.000,20,0.3,0,min,0.00320586054620633,0.00320225122551909,1.94917212704581e-5
allones,lognormal,100.000,50,0.3,0,min,0.00125049781599663,0.00125367408221621,2.30515555749752e-5
allones,lognormal,100.000,10,0.3,0.1,min,0.00568600182195811,0.0056847864086155,2.78718129757936e-5
allones,lognormal,100.000,20,0.3,0.1,min,0.00307437856096496,0.00307454123823163,1.76499306948442e-5
allones,lognormal,100.000,50,0.3,0.1,min,0.00124159113462672,0.0012437737024146,2.20648350328239e-5
allones,lognormal,100.000,10,0.3,0.3,min,0.00491647052201875,0.00492579564687485,7.20010557993407e-5
allones,lognormal,100.000,20,0.3,0.3,min,0.00262584472644165,0.00266529553290704,8.96020404610439e-5
allones,lognormal,100.000,50,0.3,0.3,min,9.9356199208764e-4,9.8787826073001e-4,1.99793382361867e-5
allones,weibull,100.000,10,0,0,min,0.0049502833909997,0.00498527025127666,1.1489278244997e-4
allones,weibull,100.000,10,0,0,min,0.0049502833909997,0.00498527025127666,1.1489278244997e-4
allones,weibull,100.000,20,0,0,min,0.00277659154865476,0.00277638126771124,2.85457425133535e-5
allones,weibull,100.000,20,0,0,min,0.00277659154865476,0.00277638126771124,2.85457425133535e-5
allones,weibull,100.000,50,0,0,min,0.00114951419637864,0.00115293598656387,2.46078717247218e-5
allones,weibull,100.000,50,0,0,min,0.00114951419637864,0.00115293598656387,2.46078717247218e-5
allones,weibull,100.000,10,0,0.1,min,0.00469767606779438,0.0046996732729604,4.59203124305807e-5
allones,weibull,100.000,10,0,0.1,min,0.00469767606779438,0.0046996732729604,4.59203124305807e-5
allones,weibull,100.000,20,0,0.1,min,0.00263182384497895,0.00262983437160758,2.07830701416494e-5
allones,weibull,100.000,20,0,0.1,min,0.00263182384497895,0.00262983437160758,2.07830701416494e-5
allones,weibull,100.000,50,0,0.1,min,0.00116504140746306,0.00119440989586047,4.92667656312424e-5
allones,weibull,100.000,50,0,0.1,min,0.00116504140746306,0.00119440989586047,4.92667656312424e-5
allones,weibull,100.000,10,0,0.3,min,0.00399108429575445,0.00399524634284988,4.40977846628373e-5
allones,weibull,100.000,10,0,0.3,min,0.00399108429575445,0.00399524634284988,4.40977846628373e-5
allones,weibull,100.000,20,0,0.3,min,0.00226581102919066,0.00226375057282968,1.62607415983673e-5
allones,weibull,100.000,20,0,0.3,min,0.00226581102919066,0.00226375057282968,1.62607415983673e-5
allones,weibull,100.000,50,0,0.3,min,9.6940509629303e-4,9.549960682807e-4,3.61887075317507e-5
allones,weibull,100.000,50,0,0.3,min,9.6940509629303e-4,9.549960682807e-4,3.61887075317507e-5
allones,weibull,100.000,10,0.3,0,min,0.00537585553144113,0.0053722756917185,2.50027214428522e-5
allones,weibull,100.000,10,0.3,0,min,0.00537585553144113,0.0053722756917185,2.50027214428522e-5
allones,weibull,100.000,20,0.3,0,min,0.00272473469659199,0.0026665084030229602,1.0943124444459e-4
allones,weibull,100.000,20,0.3,0,min,0.00272473469659199,0.0026665084030229602,1.0943124444459e-4
allones,weibull,100.000,50,0.3,0,min,0.00107971709909916,0.00107865999623486,8.10324149349904e-6
allones,weibull,100.000,50,0.3,0,min,0.00107971709909916,0.00107865999623486,8.10324149349904e-6
allones,weibull,100.000,10,0.3,0.1,min,0.00508473337235746,0.00508045064527103,2.61867933636683e-5
allones,weibull,100.000,10,0.3,0.1,min,0.00508473337235746,0.00508045064527103,2.61867933636683e-5
allones,weibull,100.000,20,0.3,0.1,min,0.00277587406103103,0.00277212878730751,1.68104234642177e-5
allones,weibull,100.000,20,0.3,0.1,min,0.00277587406103103,0.00277212878730751,1.68104234642177e-5
allones,weibull,100.000,50,0.3,0.1,min,0.00111100349186919,0.00112529300222435,3.80799222760137e-5
allones,weibull,100.000,50,0.3,0.1,min,0.00111100349186919,0.00112529300222435,3.80799222760137e-5
allones,weibull,100.000,10,0.3,0.3,min,0.00436582041041149,0.00436546789888436,2.38646377167756e-5
allones,weibull,100.000,10,0.3,0.3,min,0.00436582041041149,0.00436546789888436,2.38646377167756e-5
allones,weibull,100.000,20,0.3,0.3,min,0.00239568248543904,0.00239663760538486,2.34775312247396e-5
allones,weibull,100.000,20,0.3,0.3,min,0.00239568248543904,0.00239663760538486,2.34775312247396e-5
allones,weibull,100.000,50,0.3,0.3,min,9.0293084481742e-4,8.9501404791763e-4,2.46488059052644e-5
allones,weibull,100.000,50,0.3,0.3,min,9.0293084481742e-4,8.9501404791763e-4,2.46488059052644e-5
highcontrast,exponential,100.000,10,0,0,min,0.00994290454917774,0.00993705947059145,3.69858130238593e-5
highcontrast,exponential,100.000,20,0,0,min,0.0099476772189996,0.00994793808399775,3.91690226161554e-5
highcontrast,exponential,100.000,50,0,0,min,0.00995024292699471,0.00994885527272001,3.53465022861536e-5
highcontrast,exponential,100.000,10,0,0.1,min,0.00932303295883844,0.00932124974728471,3.4911648332296e-5
highcontrast,exponential,100.000,20,0,0.1,min,0.00932654294098298,0.0093238379608199,3.22185832653192e-5
highcontrast,exponential,100.000,50,0,0.1,min,0.00932344138815581,0.00932338728350995,3.14344712687717e-5
highcontrast,exponential,100.000,10,0,0.3,min,0.00786557237793979,0.0078661818956151,2.64975659131388e-5
highcontrast,exponential,100.000,20,0,0.3,min,0.00786695492862425,0.007869570725277,3.0489050702548e-5
highcontrast,exponential,100.000,50,0,0.3,min,0.00786192859180697,0.00786296956628971,2.99553811045894e-5
highcontrast,exponential,100.000,10,0.3,0,min,0.0114173268419617,0.0113338540368902,2.9026114885208e-4
highcontrast,exponential,100.000,20,0.3,0,min,0.0114300868529183,0.0113443136782781,2.9530400308436e-4
highcontrast,exponential,100.000,50,0.3,0,min,0.0114257723941411,0.0113311897159127,3.0118125927308e-4
highcontrast,exponential,100.000,10,0.3,0.1,min,0.0107321472621947,0.0106700245698941,2.505339909682e-4
highcontrast,exponential,100.000,20,0.3,0.1,min,0.0107049590952848,0.0106554888306003,2.1988294468354e-4
highcontrast,exponential,100.000,50,0.3,0.1,min,0.0106810658268344,0.0106637851132295,1.3846352560621e-4
highcontrast,exponential,100.000,10,0.3,0.3,min,0.0097585426416285,0.00989937676027142,3.29339043994e-4
highcontrast,exponential,100.000,20,0.3,0.3,min,0.00977875936032637,0.00990401153815163,3.1036290617448e-4
highcontrast,exponential,100.000,50,0.3,0.3,min,0.00975501203693586,0.00990751274639376,3.3480183002968e-4
highcontrast,gompertz,100.000,10,0,0,min,0.00994399353250238,0.00993856306650355,3.31955094760383e-5
highcontrast,gompertz,100.000,20,0,0,min,0.00994345644315902,0.00994071292695616,3.47303970453168e-5
highcontrast,gompertz,100.000,50,0,0,min,0.00995045543629121,0.00994863230344168,3.85134313496623e-5
highcontrast,gompertz,100.000,10,0,0.1,min,0.00930297291273699,0.00929924755960101,3.22669986705913e-5
highcontrast,gompertz,100.000,20,0,0.1,min,0.00930750744893572,0.00930804423348909,3.67723644288406e-5
highcontrast,gompertz,100.000,50,0,0.1,min,0.00929219748974992,0.00929787343242496,9.05537709083151e-5
highcontrast,gompertz,100.000,10,0,0.3,min,0.00784111228979247,0.00784019747191056,3.17922785743169e-5
highcontrast,gompertz,100.000,20,0,0.3,min,0.00783836637054603,0.00784674041536074,7.52048164843955e-5
highcontrast,gompertz,100.000,50,0,0.3,min,0.00784542443530565,0.0078452478759158,2.59595604537368e-5
highcontrast,gompertz,100.000,10,0.3,0,min,0.0114423640175652,0.0113393950183939,3.158826908435e-4
highcontrast,gompertz,100.000,20,0.3,0,min,0.0113939518613873,0.0113506700346111,2.2354183729271e-4
highcontrast,gompertz,100.000,50,0.3,0,min,0.011460363555994,0.011339094583618,3.3846119725006e-4
highcontrast,gompertz,100.000,10,0.3,0.1,min,0.010624949620568,0.0106243533841911,3.57399072219485e-5
highcontrast,gompertz,100.000,20,0.3,0.1,min,0.0106181798688147,0.0106202425719728,3.77530975009087e-5
highcontrast,gompertz,100.000,50,0.3,0.1,min,0.0106219281121857,0.0106149419617987,3.63743904254396e-5
highcontrast,gompertz,100.000,10,0.3,0.3,min,0.00982085852741007,0.00988057297668967,2.369907145483e-4
highcontrast,gompertz,100.000,20,0.3,0.3,min,0.0098689962456064,0.00989404157154666,1.5013064027615e-4
highcontrast,gompertz,100.000,50,0.3,0.3,min,0.00982403162098749,0.00988123910033955,2.201294063421e-4
highcontrast,lognormal,100.000,10,0,0,min,0.0102535705444371,0.0101995086911754,2.2935025823213e-4
highcontrast,lognormal,100.000,20,0,0,min,0.0102558892967245,0.0102097813374838,2.1188054141692e-4
highcontrast,lognormal,100.000,50,0,0,min,0.0102448975102574,0.0102081030718927,1.8522660917404e-4
highcontrast,lognormal,100.000,10,0,0.1,min,0.00963152455106926,0.0096290134242341,3.46400184927332e-5
highcontrast,lognormal,100.000,20,0,0.1,min,0.00962827895622602,0.0096261037473921,2.97149800763433e-5
highcontrast,lognormal,100.000,50,0,0.1,min,0.00962814494559402,0.00963471346434601,8.96074037012689e-5
highcontrast,lognormal,100.000,10,0,0.3,min,0.0082352055615443,0.00824341935976113,8.23021494084796e-5
highcontrast,lognormal,100.000,20,0,0.3,min,0.0082398533520715,0.008242098615235,8.27906612554253e-5
highcontrast,lognormal,100.000,50,0,0.3,min,0.00823346555106172,0.0082475391008315,1.1200976188909e-4
highcontrast,lognormal,100.000,10,0.3,0,min,0.0127524996622797,0.0127529987483575,4.29349220006215e-5
highcontrast,lognormal,100.000,20,0.3,0,min,0.0127538299019313,0.0127504255949529,4.16383451455699e-5
highcontrast,lognormal,100.000,50,0.3,0,min,0.0127507587221915,0.0127452163551765,4.87417394105844e-5
highcontrast,lognormal,100.000,10,0.3,0.1,min,0.012058405955219,0.0120609248550606,4.37640495522231e-5
highcontrast,lognormal,100.000,20,0.3,0.1,min,0.0120656062384051,0.0120657107873837,3.69084614465745e-5
highcontrast,lognormal,100.000,50,0.3,0.1,min,0.0120603677140918,0.0120594762285136,3.84701596363625e-5
highcontrast,lognormal,100.000,10,0.3,0.3,min,0.0103480681254989,0.0103538578558155,9.65412487263742e-5
highcontrast,lognormal,100.000,20,0.3,0.3,min,0.0103521517235342,0.0103507072433018,4.03208480304116e-5
highcontrast,lognormal,100.000,50,0.3,0.3,min,0.0103393778859092,0.0103538066215345,1.0223650427208e-4
highcontrast,weibull,100.000,10,0,0,min,0.0099428894715124,0.00993705893916499,3.69923561642399e-5
highcontrast,weibull,100.000,10,0,0,min,0.0099428894715124,0.00993705893916499,3.69923561642399e-5
highcontrast,weibull,100.000,20,0,0,min,0.00994766892900145,0.00994785361451944,3.917213478739e-5
highcontrast,weibull,100.000,20,0,0,min,0.00994766892900145,0.00994785361451944,3.917213478739e-5
highcontrast,weibull,100.000,50,0,0,min,0.00995022763929792,0.0099488849339617,3.53361168977798e-5
highcontrast,weibull,100.000,50,0,0,min,0.00995022763929792,0.0099488849339617,3.53361168977798e-5
highcontrast,weibull,100.000,10,0,0.1,min,0.00919761440911271,0.00919932994846821,3.39480057083458e-5
highcontrast,weibull,100.000,10,0,0.1,min,0.00919761440911271,0.00919932994846821,3.39480057083458e-5
highcontrast,weibull,100.000,20,0,0.1,min,0.00920073547512483,0.00919809148091984,3.16708006681191e-5
highcontrast,weibull,100.000,20,0,0.1,min,0.00920073547512483,0.00919809148091984,3.16708006681191e-5
highcontrast,weibull,100.000,50,0,0.1,min,0.0091992265339876,0.00920109290336373,3.2786281370654e-5
highcontrast,weibull,100.000,50,0,0.1,min,0.0091992265339876,0.00920109290336373,3.2786281370654e-5
highcontrast,weibull,100.000,10,0,0.3,min,0.00760729885820024,0.00760617721239841,2.71080271147318e-5
highcontrast,weibull,100.000,10,0,0.3,min,0.00760729885820024,0.00760617721239841,2.71080271147318e-5
highcontrast,weibull,100.000,20,0,0.3,min,0.00760848869302601,0.0076108231384322,2.83480873371714e-5
highcontrast,weibull,100.000,20,0,0.3,min,0.00760848869302601,0.0076108231384322,2.83480873371714e-5
highcontrast,weibull,100.000,50,0,0.3,min,0.00760432296666071,0.00760047650924603,2.97422631645679e-5
highcontrast,weibull,100.000,50,0,0.3,min,0.00760432296666071,0.00760047650924603,2.97422631645679e-5
highcontrast,weibull,100.000,10,0.3,0,min,0.0114335635638839,0.0113334705662928,3.1843455068209e-4
highcontrast,weibull,100.000,10,0.3,0,min,0.0114335635638839,0.0113334705662928,3.1843455068209e-4
highcontrast,weibull,100.000,20,0.3,0,min,0.0114300780664789,0.0113443993657445,2.9530235483102e-4
highcontrast,weibull,100.000,20,0.3,0,min,0.0114300780664789,0.0113443993657445,2.9530235483102e-4
highcontrast,weibull,100.000,50,0.3,0,min,0.0114529721097537,0.0113309652424608,3.3604511435233e-4
highcontrast,weibull,100.000,50,0.3,0,min,0.0114529721097537,0.0113309652424608,3.3604511435233e-4
highcontrast,weibull,100.000,10,0.3,0.1,min,0.0105991659749321,0.0105280863743545,2.6169845918733e-4
highcontrast,weibull,100.000,10,0.3,0.1,min,0.0105991659749321,0.0105280863743545,2.6169845918733e-4
highcontrast,weibull,100.000,20,0.3,0.1,min,0.0105710864842976,0.010513659467019,2.3695080653199e-4
highcontrast,weibull,100.000,20,0.3,0.1,min,0.0105710864842976,0.010513659467019,2.3695080653199e-4
highcontrast,weibull,100.000,50,0.3,0.1,min,0.0105503205121726,0.0105273618491216,1.7138581366674e-4
highcontrast,weibull,100.000,50,0.3,0.1,min,0.0105503205121726,0.0105273618491216,1.7138581366674e-4
highcontrast,weibull,100.000,10,0.3,0.3,min,0.00881200739399182,0.00875942021309055,2.105530314475e-4
highcontrast,weibull,100.000,10,0.3,0.3,min,0.00881200739399182,0.00875942021309055,2.105530314475e-4
highcontrast,weibull,100.000,20,0.3,0.3,min,0.00877296091303215,0.00874843666943387,1.3851344184148e-4
highcontrast,weibull,100.000,20,0.3,0.3,min,0.00877296091303215,0.00874843666943387,1.3851344184148e-4
highcontrast,weibull,100.000,50,0.3,0.3,min,0.00877333780575897,0.00874893871647057,1.3751515767179e-4
highcontrast,weibull,100.000,50,0.3,0.3,min,0.00877333780575897,0.00874893871647057,1.3751515767179e-4
realistic,exponential,100.000,10,0,0,min,0.00898503629760167,0.00897612500364297,8.57488219133504e-5
realistic,exponential,100.000,20,0,0,min,0.00897513125501683,0.00897352038391526,3.81193940192645e-5
realistic,exponential,100.000,50,0,0,min,0.00897668466536588,0.00896621669283112,8.69180069315928e-5
realistic,exponential,100.000,10,0,0.1,min,0.00840869922819831,0.00840404874454622,4.80673186264489e-5
realistic,exponential,100.000,20,0,0.1,min,0.00841639366746071,0.00841337625425717,4.02047517157208e-5
realistic,exponential,100.000,50,0,0.1,min,0.00840623093365183,0.00840250844915522,3.83611404921829e-5
realistic,exponential,100.000,10,0,0.3,min,0.0071237361826421,0.00708160546569457,1.5997187268832e-4
realistic,exponential,100.000,20,0,0.3,min,0.00709724163976008,0.00708061216501746,9.44626459181247e-5
realistic,exponential,100.000,50,0,0.3,min,0.00709524389853872,0.00707901826419833,9.36985752498405e-5
realistic,exponential,100.000,10,0.3,0,min,0.0112651000976106,0.0112639693379062,4.63471945465725e-5
realistic,exponential,100.000,20,0.3,0,min,0.011263056280651,0.0112679178398408,4.69864184500822e-5
realistic,exponential,100.000,50,0.3,0,min,0.0112669802567859,0.0112705459052834,4.77761003949946e-5
realistic,exponential,100.000,10,0.3,0.1,min,0.0106061121772279,0.0106009629287755,4.45148503058324e-5
realistic,exponential,100.000,20,0.3,0.1,min,0.0106081269312679,0.0106068180898879,4.15043939630883e-5
realistic,exponential,100.000,50,0.3,0.1,min,0.0106041706759932,0.0106025452686908,4.69153331753289e-5
realistic,exponential,100.000,10,0.3,0.3,min,0.00898471044056925,0.00898895432719118,4.36648270906349e-5
realistic,exponential,100.000,20,0.3,0.3,min,0.008985211278993,0.00898168463558581,4.16070764915904e-5
realistic,exponential,100.000,50,0.3,0.3,min,0.00898567997390205,0.00898771438454895,4.16271105459361e-5
realistic,gompertz,100.000,10,0,0,min,0.00897986060037016,0.00897996807259351,4.56662445397386e-5
realistic,gompertz,100.000,20,0,0,min,0.00897654334192734,0.00897846206585711,4.05381742637769e-5
realistic,gompertz,100.000,50,0,0,min,0.00897903833032637,0.00897644260036444,4.65924059255303e-5
realistic,gompertz,100.000,10,0,0.1,min,0.00841003801208837,0.00838689844703283,1.3428737709669e-4
realistic,gompertz,100.000,20,0,0.1,min,0.00839314570226216,0.00838217312476757,8.29754848484677e-5
realistic,gompertz,100.000,50,0,0.1,min,0.0084048672237475,0.00839416605160954,1.157670011088e-4
realistic,gompertz,100.000,10,0,0.3,min,0.00707589541310899,0.00705484611933711,1.1062828907619e-4
realistic,gompertz,100.000,20,0,0.3,min,0.00706169808861555,0.00705925529536351,8.60698702045493e-5
realistic,gompertz,100.000,50,0,0.3,min,0.00706760427055537,0.0070594113883395,7.50151549853758e-5
realistic,gompertz,100.000,10,0.3,0,min,0.0112641483558652,0.011263032996772,4.86603111852126e-5
realistic,gompertz,100.000,20,0.3,0,min,0.0112623580336468,0.0112634202571082,5.36289297886236e-5
realistic,gompertz,100.000,50,0.3,0,min,0.0112720859377844,0.0112778320377258,4.83823804940082e-5
realistic,gompertz,100.000,10,0.3,0.1,min,0.0105622984682337,0.0105626739448636,3.98720041862023e-5
realistic,gompertz,100.000,20,0.3,0.1,min,0.0105558342290309,0.0105550940217906,4.81325657410249e-5
realistic,gompertz,100.000,50,0.3,0.1,min,0.0105661789003916,0.0105699543457639,3.49685050736247e-5
realistic,gompertz,100.000,10,0.3,0.3,min,0.00896505292461201,0.00896651850047007,3.81840358434707e-5
realistic,gompertz,100.000,20,0.3,0.3,min,0.00896682203068593,0.00896655680524771,4.1469535542744e-5
realistic,gompertz,100.000,50,0.3,0.3,min,0.00895941968383602,0.00895763759299549,4.40858522938218e-5
realistic,lognormal,100.000,10,0,0,min,0.0100145850869364,0.0100937458300907,2.646845447734e-4
realistic,lognormal,100.000,20,0,0,min,0.00997496028529641,0.0100865115455144,3.0423015650212e-4
realistic,lognormal,100.000,50,0,0,min,0.00998109331110241,0.0100837323284003,3.0014655245059e-4
realistic,lognormal,100.000,10,0,0.1,min,0.00945370282086858,0.00952213363799815,2.303956160019e-4
realistic,lognormal,100.000,20,0,0.1,min,0.00945014234033941,0.0095195001963921,2.3553668206372e-4
realistic,lognormal,100.000,50,0,0.1,min,0.00933788305890296,0.00949651552016739,3.4196675240236e-4
realistic,lognormal,100.000,10,0,0.3,min,0.00774328594484465,0.00749057294578443,3.415831024188e-4
realistic,lognormal,100.000,20,0,0.3,min,0.00771948937453468,0.00747167948634834,3.4172508259077e-4
realistic,lognormal,100.000,50,0,0.3,min,0.00767392680283899,0.00746096619030887,3.3202947115346e-4
realistic,lognormal,100.000,10,0.3,0,min,0.0118708855233908,0.0115835984783165,4.8748657204139e-4
realistic,lognormal,100.000,20,0.3,0,min,0.0118747954875311,0.0115803641947018,4.9311265756745e-4
realistic,lognormal,100.000,50,0.3,0,min,0.0119277206778065,0.011606829466418,5.0794933131508e-4
realistic,lognormal,100.000,10,0.3,0.1,min,0.0110006484997402,0.0109309345091772,2.6202652373976e-4
realistic,lognormal,100.000,20,0.3,0.1,min,0.0110121689092775,0.0109342672203894,2.7932332345362e-4
realistic,lognormal,100.000,50,0.3,0.1,min,0.0109965190026009,0.0109340687619298,2.6110906458692e-4
realistic,lognormal,100.000,10,0.3,0.3,min,0.00949745813767985,0.00938160209202476,3.1828702191749e-4
realistic,lognormal,100.000,20,0.3,0.3,min,0.0094379786185395,0.00937507822088226,2.4612620107865e-4
realistic,lognormal,100.000,50,0.3,0.3,min,0.00944077507191332,0.00938637059112243,2.2866380201032e-4
realistic,weibull,100.000,10,0,0,min,0.00898504800053944,0.00897608507559849,8.57204054633683e-5
realistic,weibull,100.000,10,0,0,min,0.00898504800053944,0.00897608507559849,8.57204054633683e-5
realistic,weibull,100.000,20,0,0,min,0.00897512503194301,0.00897347973289996,3.81053512967591e-5
realistic,weibull,100.000,20,0,0,min,0.00897512503194301,0.00897347973289996,3.81053512967591e-5
realistic,weibull,100.000,50,0,0,min,0.00897665185758031,0.00896625513345412,8.6927459157291e-5
realistic,weibull,100.000,50,0,0,min,0.00897665185758031,0.00896625513345412,8.6927459157291e-5
realistic,weibull,100.000,10,0,0.1,min,0.00833832462539567,0.00830434596811282,1.5885521079171e-4
realistic,weibull,100.000,10,0,0.1,min,0.00833832462539567,0.00830434596811282,1.5885521079171e-4
realistic,weibull,100.000,20,0,0.1,min,0.00832622937821198,0.00830336272425548,1.2892677820098e-4
realistic,weibull,100.000,20,0,0.1,min,0.00832622937821198,0.00830336272425548,1.2892677820098e-4
realistic,weibull,100.000,50,0,0.1,min,0.0083247748727872,0.00829303910967186,1.5113755835258e-4
realistic,weibull,100.000,50,0,0.1,min,0.0083247748727872,0.00829303910967186,1.5113755835258e-4
realistic,weibull,100.000,10,0,0.3,min,0.00684110733180319,0.00683878191976803,4.3940164357467e-5
realistic,weibull,100.000,10,0,0.3,min,0.00684110733180319,0.00683878191976803,4.3940164357467e-5
realistic,weibull,100.000,20,0,0.3,min,0.00684908946213942,0.00684835848804986,3.6134419103559e-5
realistic,weibull,100.000,20,0,0.3,min,0.00684908946213942,0.00684835848804986,3.6134419103559e-5
realistic,weibull,100.000,50,0,0.3,min,0.00685143403744835,0.00684925043898338,3.16206492021869e-5
realistic,weibull,100.000,50,0,0.3,min,0.00685143403744835,0.00684925043898338,3.16206492021869e-5
realistic,weibull,100.000,10,0.3,0,min,0.0112600864870357,0.0112601305785277,5.27357307823932e-5
realistic,weibull,100.000,10,0.3,0,min,0.0112600864870357,0.0112601305785277,5.27357307823932e-5
realistic,weibull,100.000,20,0.3,0,min,0.0112630312207572,0.0112679991016622,4.69722767720626e-5
realistic,weibull,100.000,20,0.3,0,min,0.0112630312207572,0.0112679991016622,4.69722767720626e-5
realistic,weibull,100.000,50,0.3,0,min,0.0112630278957103,0.0112650212506588,4.67669702956699e-5
realistic,weibull,100.000,50,0.3,0,min,0.0112630278957103,0.0112650212506588,4.67669702956699e-5
realistic,weibull,100.000,10,0.3,0.1,min,0.010464454287547,0.0104658366517209,4.2826373695301e-5
realistic,weibull,100.000,10,0.3,0.1,min,0.010464454287547,0.0104658366517209,4.2826373695301e-5
realistic,weibull,100.000,20,0.3,0.1,min,0.0104682809601842,0.0104645053304106,4.31590527662972e-5
realistic,weibull,100.000,20,0.3,0.1,min,0.0104682809601842,0.0104645053304106,4.31590527662972e-5
realistic,weibull,100.000,50,0.3,0.1,min,0.0104566755989414,0.0104512164468655,4.47474202881445e-5
realistic,weibull,100.000,50,0.3,0.1,min,0.0104566755989414,0.0104512164468655,4.47474202881445e-5
realistic,weibull,100.000,10,0.3,0.3,min,0.00869447923359664,0.00870632840043606,8.7244798148287e-5
realistic,weibull,100.000,10,0.3,0.3,min,0.00869447923359664,0.00870632840043606,8.7244798148287e-5
realistic,weibull,100.000,20,0.3,0.3,min,0.00870077924561938,0.00869902410840135,4.23901497857159e-5
realistic,weibull,100.000,20,0.3,0.3,min,0.00870077924561938,0.00869902410840135,4.23901497857159e-5
realistic,weibull,100.000,50,0.3,0.3,min,0.00869931338683342,0.00870394357481797,8.48575067894994e-5
realistic,weibull,100.000,50,0.3,0.3,min,0.00869931338683342,0.00870394357481797,8.48575067894994e-5
sparse,exponential,100.000,10,0,0,min,0.0131346003512271,0.0134922486574664,5.4792135734983e-4
sparse,exponential,100.000,20,0,0,min,0.0131015964126614,0.0134888092237018,5.6213420782032e-4
sparse,exponential,100.000,50,0,0,min,0.0131609260950231,0.0135006877159709,5.4077732239836e-4
sparse,exponential,100.000,10,0,0.1,min,0.0126839562126784,0.0126866042786194,4.89053914182741e-5
sparse,exponential,100.000,20,0,0.1,min,0.0126873167542351,0.0126853857305708,4.23759416898079e-5
sparse,exponential,100.000,50,0,0.1,min,0.0126895527963484,0.0126860716612628,4.35517711111015e-5
sparse,exponential,100.000,10,0,0.3,min,0.0106708007983521,0.010667685547822,4.52117981692192e-5
sparse,exponential,100.000,20,0,0.3,min,0.0106721292275434,0.010671451165318,3.88064744788119e-5
sparse,exponential,100.000,50,0,0.3,min,0.010675332456222,0.0106716825955559,3.78276014768014e-5
sparse,exponential,100.000,10,0.3,0,min,0.0146232614659543,0.0146245848751294,3.67732312236768e-5
sparse,exponential,100.000,20,0.3,0,min,0.0146233354307539,0.0146230611123705,3.76815626583593e-5
sparse,exponential,100.000,50,0.3,0,min,0.0146190543492885,0.0146193604892148,3.73021274968243e-5
sparse,exponential,100.000,10,0.3,0.1,min,0.0137406204336394,0.0137410677327779,3.74170623003722e-5
sparse,exponential,100.000,20,0.3,0.1,min,0.013740200607605,0.0137412046953205,3.32773882025773e-5
sparse,exponential,100.000,50,0.3,0.1,min,0.0137393709728995,0.0137448346524593,3.93061209927655e-5
sparse,exponential,100.000,10,0.3,0.3,min,0.0116218202863168,0.011624348079097,3.21563467293132e-5
sparse,exponential,100.000,20,0.3,0.3,min,0.011620066482163,0.0116205745027208,3.0955110541912e-5
sparse,exponential,100.000,50,0.3,0.3,min,0.0116203714385982,0.0116269513352132,3.74150139155512e-5
sparse,gompertz,100.000,10,0,0,min,0.0130173583698422,0.0134917888197584,5.9133593502918e-4
sparse,gompertz,100.000,20,0,0,min,0.0131597202805319,0.0135068129794118,5.5182581945886e-4
sparse,gompertz,100.000,50,0,0,min,0.0130352429932419,0.0134845988779734,5.8115535250266e-4
sparse,gompertz,100.000,10,0,0.1,min,0.0126341025404049,0.0126503956985272,1.5675773039776e-4
sparse,gompertz,100.000,20,0,0.1,min,0.0126059217249673,0.0126474475700188,2.1425060867615e-4
sparse,gompertz,100.000,50,0,0.1,min,0.0126093284895196,0.0126489345124874,2.1278545595608e-4
sparse,gompertz,100.000,10,0,0.3,min,0.0106411034713629,0.0106450330249314,3.73589659659963e-5
sparse,gompertz,100.000,20,0,0.3,min,0.0106455023946431,0.0106454189191948,3.54797463316291e-5
sparse,gompertz,100.000,50,0,0.3,min,0.0106487596725628,0.0106511875045435,3.63139731839008e-5
sparse,gompertz,100.000,10,0.3,0,min,0.0146123497032557,0.0146111359832614,3.4306430376406e-5
sparse,gompertz,100.000,20,0.3,0,min,0.0146186720150672,0.014621079477727,3.38849764098467e-5
sparse,gompertz,100.000,50,0.3,0,min,0.0146159561231746,0.0146183903654431,3.65764312593024e-5
sparse,gompertz,100.000,10,0.3,0.1,min,0.013700569031472,0.0137024785629323,3.78174033190184e-5
sparse,gompertz,100.000,20,0.3,0.1,min,0.0136913521592882,0.0136932113996814,3.49970852565974e-5
sparse,gompertz,100.000,50,0.3,0.1,min,0.0136954893015121,0.0136987037128896,3.54979089691258e-5
sparse,gompertz,100.000,10,0.3,0.3,min,0.0115941430939746,0.0115957193932856,3.38004597469201e-5
sparse,gompertz,100.000,20,0.3,0.3,min,0.011589699409756401,0.0115906244117433,3.19503714862606e-5
sparse,gompertz,100.000,50,0.3,0.3,min,0.0115928206587943,0.0115954189562274,3.09718110147467e-5
sparse,lognormal,100.000,10,0,0,min,0.0138865848670038,0.0138832389978136,4.40129793609534e-5
sparse,lognormal,100.000,20,0,0,min,0.0138866968763929,0.0138843493362466,3.84961128879916e-5
sparse,lognormal,100.000,50,0,0,min,0.0138772546002401,0.0138801478802229,4.41820508588598e-5
sparse,lognormal,100.000,10,0,0.1,min,0.0130999513794938,0.0130957389191609,4.23594411143519e-5
sparse,lognormal,100.000,20,0,0.1,min,0.0130992387738571,0.0131001661033982,3.8324307711061e-5
sparse,lognormal,100.000,50,0,0.1,min,0.0130958020797247,0.0130923476007851,3.85681055099998e-5
sparse,lognormal,100.000,10,0,0.3,min,0.0112094848026249,0.0112062215715476,3.71244846740492e-5
sparse,lognormal,100.000,20,0,0.3,min,0.011201535468426,0.0112004297176079,3.82265490060407e-5
sparse,lognormal,100.000,50,0,0.3,min,0.0112002514617067,0.0111983840746,3.85515848869416e-5
sparse,lognormal,100.000,10,0.3,0,min,0.016466641257206,0.0164652905085215,3.66946090654355e-5
sparse,lognormal,100.000,20,0.3,0,min,0.0164589399152719,0.0164618431116849,3.73629344177877e-5
sparse,lognormal,100.000,50,0.3,0,min,0.0164562034670942,0.0164576104931938,4.12301827361796e-5
sparse,lognormal,100.000,10,0.3,0.1,min,0.0155642771842173,0.0155598926331775,3.6749586493704e-5
sparse,lognormal,100.000,20,0.3,0.1,min,0.0155587012413226,0.0155629364716245,3.68645528208836e-5
sparse,lognormal,100.000,50,0.3,0.1,min,0.0155564594078996,0.015553628495598,3.62781709648343e-5
sparse,lognormal,100.000,10,0.3,0.3,min,0.0133275395692956,0.0133373630089796,1.203213189988e-4
sparse,lognormal,100.000,20,0.3,0.3,min,0.013340497893805,0.0133419535430017,3.5911492429254e-5
sparse,lognormal,100.000,50,0.3,0.3,min,0.0133389977435624,0.013340016860989,2.88558623007531e-5
sparse,weibull,100.000,10,0,0,min,0.0131345654576738,0.013492440483218,5.4793978323848e-4
sparse,weibull,100.000,10,0,0,min,0.0131345654576738,0.013492440483218,5.4793978323848e-4
sparse,weibull,100.000,20,0,0,min,0.0131016009466126,0.0134888138705892,5.6213366855989e-4
sparse,weibull,100.000,20,0,0,min,0.0131016009466126,0.0134888138705892,5.6213366855989e-4
sparse,weibull,100.000,50,0,0,min,0.0131609286373955,0.0135006877159709,5.4077245432173e-4
sparse,weibull,100.000,50,0,0,min,0.0131609286373955,0.0135006877159709,5.4077245432173e-4
sparse,weibull,100.000,10,0,0.1,min,0.0114235373874124,0.0114076452296445,1.563104288232e-4
sparse,weibull,100.000,10,0,0.1,min,0.0114235373874124,0.0114076452296445,1.563104288232e-4
sparse,weibull,100.000,20,0,0.1,min,0.0114031626716549,0.0113982920261835,3.87466185847656e-5
sparse,weibull,100.000,20,0,0.1,min,0.0114031626716549,0.0113982920261835,3.87466185847656e-5
sparse,weibull,100.000,50,0,0.1,min,0.0114079626268736,0.0114050674025231,4.14616025921054e-5
sparse,weibull,100.000,50,0,0.1,min,0.0114079626268736,0.0114050674025231,4.14616025921054e-5
sparse,weibull,100.000,10,0,0.3,min,0.0103203688094077,0.0103164870465499,4.64183461430389e-5
sparse,weibull,100.000,10,0,0.3,min,0.0103203688094077,0.0103164870465499,4.64183461430389e-5
sparse,weibull,100.000,20,0,0.3,min,0.0103243380320059,0.0103264752392319,4.05972266978033e-5
sparse,weibull,100.000,20,0,0.3,min,0.0103243380320059,0.0103264752392319,4.05972266978033e-5
sparse,weibull,100.000,50,0,0.3,min,0.010324280309025,0.0103216249437266,3.72560837759814e-5
sparse,weibull,100.000,50,0,0.3,min,0.010324280309025,0.0103216249437266,3.72560837759814e-5
sparse,weibull,100.000,10,0.3,0,min,0.0146232429828791,0.0146245848751294,3.6798742444572e-5
sparse,weibull,100.000,10,0.3,0,min,0.0146232429828791,0.0146245848751294,3.6798742444572e-5
sparse,weibull,100.000,20,0.3,0,min,0.0146233112966565,0.0146229164815526,3.76812033749146e-5
sparse,weibull,100.000,20,0.3,0,min,0.0146233112966565,0.0146229164815526,3.76812033749146e-5
sparse,weibull,100.000,50,0.3,0,min,0.0146177282200135,0.0146175559281181,3.97602585530874e-5
sparse,weibull,100.000,50,0.3,0,min,0.0146177282200135,0.0146175559281181,3.97602585530874e-5
sparse,weibull,100.000,10,0.3,0.1,min,0.0135571752978949,0.0135608625117704,3.9380097062897e-5
sparse,weibull,100.000,10,0.3,0.1,min,0.0135571752978949,0.0135608625117704,3.9380097062897e-5
sparse,weibull,100.000,20,0.3,0.1,min,0.013555548886694,0.0135542144934928,3.32101818033179e-5
sparse,weibull,100.000,20,0.3,0.1,min,0.013555548886694,0.0135542144934928,3.32101818033179e-5
sparse,weibull,100.000,50,0.3,0.1,min,0.0135596856375171,0.0135603592005254,3.66358583375635e-5
sparse,weibull,100.000,50,0.3,0.1,min,0.0135596856375171,0.0135603592005254,3.66358583375635e-5
sparse,weibull,100.000,10,0.3,0.3,min,0.0112392179568233,0.0112412390876533,3.68047515548702e-5
sparse,weibull,100.000,10,0.3,0.3,min,0.0112392179568233,0.0112412390876533,3.68047515548702e-5
sparse,weibull,100.000,20,0.3,0.3,min,0.0112460763032738,0.0112440070916264,3.14714958819656e-5
sparse,weibull,100.000,20,0.3,0.3,min,0.0112460763032738,0.0112440070916264,3.14714958819656e-5
sparse,weibull,100.000,50,0.3,0.3,min,0.0112448333234835,0.0112440654078435,3.77659294758831e-5
sparse,weibull,100.000,50,0.3,0.3,min,0.0112448333234835,0.0112440654078435,3.77659294758831e-5
realistic, metabric_weibph,100.000,5,0,0.1,min,0.00205120724399936,2.38015480221198e-05,0.00205193096262797
realistic, metabric_weibph,100.000,5,0,0.0,min,0.00205207835803996,3.1121801441245e-05,0.00205274464065334
realistic, metabric_weibph,100.000,5,0,0.3,min,0.00205154386994493,2.81744736206747e-05,0.00205155490346927
